day,slug,series,language,objective,caption,cta,hashtags,voiceover,background
1,manifesto,CAP SUR BOOSTERFISH,FR + Darija,Notoriété,"Une sortie réussie commence bien avant le premier lancer. BoosterFish rassemble carte, conditions marines, marées, espèces et techniques dans une expérience pensée pour les pêcheurs en mer. التطبيق مازال فالتست المغلق، وقريباً نشاركو معاكم الجديد. 🎣🌊",Suivez la page pour le lancement,#BoosterFish #PecheEnMer #Maroc #FishingApp #صيد_البحر,Et si chaque sortie en mer commençait avec les bonnes informations ? BoosterFish réunit la préparation essentielle dans une seule application. قريباً، الصيد غادي يولي منظم أكثر.,atlantic_shore.png
2,checklist_depart,AVANT DE PARTIR,FR,Utilité,"Votre checklist express avant une sortie : conditions marines, marées, accès au spot et matériel adapté. BoosterFish aide à regrouper ces informations sans promettre la prise : la décision finale reste toujours celle du pêcheur.",Enregistrez cette checklist,#ConseilPeche #PecheEnMer #BoosterFish #SortiePeche,"Avant de partir, vérifiez le vent, les vagues, les marées et l'accès au spot. Une minute de préparation peut changer toute la sortie.",home_hero.png
3,safety_darija,البحر أولاً,Darija,Sécurité,قبل أي خرجة: راقب الريح، الموج، والمد والجزر، وخبر شي واحد فين غادي. BoosterFish كيساعدك تحضر، والقرار الآمن كيبقى ديالك. 🌊,صيفطها لصاحبك,#BoosterFish #صيد_البحر #المغرب #السلامة_أولاً,قبل ما تخرج تصيد، شوف الريح والموج والمد والجزر. البحر ما كيتغامرش معاه، والسلامة ديالك هي الأولى.,atlantic_shore.png
4,official_spots,CARTE MARINE,FR,Fonctionnalité,"Explorez plus de 6 000 spots officiels dans BoosterFish. La carte sert à préparer votre recherche ; elle ne remplace ni la réglementation locale, ni la vérification de l'accès, ni votre jugement sur place.",Quel littoral voulez-vous explorer ?,#CarteDePeche #BoosterFish #PecheMaroc #FishingSpots,BoosterFish intègre plus de six mille spots officiels. Explorez la carte et préparez votre zone avant de vous déplacer.,home_hero.png
5,private_spots,VOS SPOTS,Darija,Confiance,السبوطات الخاصة ديالك كتبقى فحسابك، والإحداثيات ديالها مخفية. نظم الأماكن اللي بغيتي ترجع ليها بلا ما تنشر الموقع للعموم.,شنو أهم حاجة فسبوط مزيان؟,#BoosterFish #سبوطات_الصيد #صيد_البحر #خصوصية,لقيتي سبوط مزيان؟ سجلو فحسابك. السبوط الخاص والإحداثيات ديالو كيبقاو مخفيين.,atlantic_shore.png
6,read_tides,1 MINUTE MARÉES,FR,Éducation,"Pour lire une marée, observez trois éléments : l'heure, la hauteur et l'évolution. Les conditions locales peuvent modifier la situation réelle ; vérifiez toujours le terrain.",Gardez ce rappel pour votre prochaine sortie,#Marees #PecheEnMer #BoosterFish #ConseilPeche,"Une marée ne se résume pas à haute ou basse. Regardez l'horaire, la hauteur et la phase de montée ou de descente pour préparer votre créneau.",tides.png
7,fg_knot,NŒUD DU JOUR,FR,Éducation,"Le nœud FG est une option courante pour relier tresse et bas de ligne. Le tutoriel BoosterFish détaille le geste. Adaptez toujours le nœud au diamètre, au fil et à l'usage.",Enregistrez le tutoriel,#NoeudFG #Jigging #BoosterFish #MontagePeche,"Pour relier une tresse à un bas de ligne, découvrez le nœud FG dans BoosterFish. Suivez les étapes, serrez progressivement et testez toujours votre montage.",knot_fg.png
8,palomar_knot,عقدة اليوم,Darija,Éducation,عقدة Palomar كتستعمل فبزاف ديال التركيبات. تعلمها بالصور داخل BoosterFish، وديما بلّل الخيط وشد بالتدريج حسب نوع الخيط.,حفظ الفيديو وجربها,#BoosterFish #عقد_الصيد #Palomar #صيد_البحر,عقدة بالومار بسيطة فالتعلم. تبع المراحل وحدة بوحدة، شدها مزيان، وجرّبها قبل ما تبدا الصيد.,knot_palomar.png
9,clinch_knot,NŒUD DU JOUR,FR,Éducation,"Un bon nœud dépend aussi du fil, du diamètre et du montage. Le guide montre le Clinch amélioré étape par étape, avec un rappel simple : testez chaque nœud avant usage.",Quel nœud utilisez-vous le plus ?,#NoeudDePeche #Clinch #BoosterFish #TechniquePeche,Le Clinch amélioré est un classique pour certains montages. Apprenez sa séquence dans BoosterFish et contrôlez toujours le serrage avant de lancer.,knot_improved-clinch.png
10,offshore_swivel,BIG GAME,FR + Darija,Éducation,"Les montages destinés à des poissons puissants exigent un matériel dimensionné et un nœud parfaitement exécuté. Le guide Offshore Swivel de BoosterFish sert de support visuel ; choisissez toujours fil, émerillon et frein selon votre pratique.",Partagez à votre équipage,#BigGameFishing #Traîne #BoosterFish #صيد_الكبار,"Pour les montages offshore, la connexion vers l'émerillon demande de la rigueur. تبع المراحل واختبر التركيب قبل الاستعمال.",knot_offshore-swivel.png
11,jigging_prep,PRÉPARATION JIGGING,FR,Technique,"Checklist jigging : état de la tresse, bas de ligne, connexion, anneaux brisés, hameçons et frein. Une vérification simple évite une mauvaise surprise au large.",Enregistrez la checklist,#Jigging #PecheAuLarge #BoosterFish #FishingTips,"Avant une session jigging, contrôlez la ligne, le bas de ligne, les anneaux, les agrafes et les hameçons. Faites ces vérifications à quai.",offshore_jigging.png
12,trolling_prep,PRÉPARATION TRAÎNE,Darija,Technique,فالتراينة، التنظيم مهم: راجع الخيط، الليدر، العقد، الفرامل، والطُعم. وتجهيزات السلامة خاصها تكون واجدة قبل الخروج.,شاركها مع طاقم القارب,#BoosterFish #التراينة #صيد_البحر #Trolling,قبل التراينة، راجع الخيط والليدر والعقد، وتأكد من الفرامل وتجهيزات السلامة. وجد كلشي قبل ما يخرج القارب.,offshore_jigging.png
13,species_guide,CONNAÎTRE L'ESPÈCE,FR,Découverte,"Les fiches espèces de BoosterFish rassemblent des informations utiles pour mieux comprendre les poissons marins. Pour les tailles, quotas et périodes autorisées, référez-vous toujours aux règles locales en vigueur.",Quelle espèce voulez-vous voir ?,#PoissonsMarins #BoosterFish #PecheResponsable #Ocean,"Avant de cibler une espèce, apprenez à la reconnaître et consultez les informations disponibles dans sa fiche BoosterFish.",species.png
14,sea_conditions,LIRE LA MER,FR + Darija,Sécurité,"Ne prenez pas une décision sur un seul indicateur. Vent, vagues, marées et terrain doivent être lus ensemble. BoosterFish aide à consulter les données ; votre sécurité exige aussi l'observation réelle sur place.",Envoyez ce rappel à votre binôme,#MeteoMarine #SecuriteEnMer #BoosterFish #السلامة,Un vent faible ne garantit pas une mer calme. Regardez aussi les vagues et leur évolution. شوف المعطيات كاملة قبل القرار.,tides.png
15,offline_maps,MODE HORS LIGNE,FR,Résilience,Conseil pratique : préparez la région hors ligne avant la sortie. Une carte déjà téléchargée reste utile quand le réseau devient faible. Vérifiez le téléchargement et l'espace disponible avant de partir.,Ajoutez cette étape à votre routine,#HorsLigne #CarteMarine #BoosterFish #PecheEnMer,"En mer, le réseau peut devenir instable. Téléchargez et activez votre carte hors ligne avant de partir, tant que la connexion est disponible.",atlantic_shore.png
16,community_privacy,COMMUNAUTÉ,Darija,Confiance,شارك التجربة والصيدة بمسؤولية. فالنشر العمومي، الموقع كيبقى تقريبي، أما السبوطات الخاصة والإحداثيات ديالها فكتبقى مخفية فحسابك.,شنو بغيتي تشوف فمجتمع الصيادة؟,#BoosterFish #مجتمع_الصيادة #صيد_البحر #خصوصية,فالمجتمع ديال BoosterFish تقدر تشارك الصيدة، والموقع العمومي كيبان تقريبي. السبوط الخاص ديالك كيبقى مخفي.,community.png
17,publish_catch,VOTRE PRISE,FR,Engagement,"Photo, espèce, récit : partagez ce qui rend votre sortie mémorable. BoosterFish sépare la publication communautaire de vos spots personnels privés.",Préparez votre première publication,#PriseDuJour #BoosterFish #CommunautePeche #FishingLife,Une prise raconte une histoire. Publiez votre photo et partagez votre expérience avec la communauté sans révéler votre spot privé.,community.png
18,community_controls,COMMUNAUTÉ SÛRE,FR,Confiance,Une communauté utile doit aussi être modérée. Les fonctions de signalement et de blocage permettent d'agir face à un contenu ou un comportement inadapté.,Respectez la mer et la communauté,#CommunauteResponsable #BoosterFish #Pecheurs #Respect,BoosterFish prévoit des outils pour signaler un contenu et bloquer un compte. Chaque membre contribue à garder un espace respectueux.,community.png
19,fishing_shops,PRÈS DE VOUS,FR + Darija,Fonctionnalité,Besoin de compléter le matériel ? La section magasins aide à repérer des commerces d'articles de pêche. Vérifiez les horaires et la disponibilité directement auprès du magasin.,Quel magasin recommandez-vous ?,#MagasinDePeche #BoosterFish #MaterielDePeche #المغرب,Un article manque avant la sortie ? Repérez des magasins de pêche dans BoosterFish et préparez votre trajet. لقى المحلات القريبة منك.,shops.png
20,personal_log,MÉMOIRE DE PÊCHE,FR,Rétention,Votre expérience vaut plus qu'un souvenir flou. Organisez vos spots personnels dans votre compte pour retrouver rapidement les lieux que vous souhaitez revisiter.,Commencez par votre dernier spot,#CarnetDePeche #SpotsPrives #BoosterFish #FishingLog,"Enregistrez vos spots personnels et vos repères pour construire votre propre mémoire de pêche, sortie après sortie.",atlantic_shore.png
21,forecast_honesty,PÊCHER PLUS LUCIDE,Darija,Crédibilité,لا تطبيق يقدر يضمن الصيدة. التوقعات كتعاونك تنظم الوقت وتفهم الظروف، ولكن خاصك ديما تقارنها مع الواقع وتحترم السلامة والقوانين المحلية.,الصراحة أولاً,#BoosterFish #توقعات_البحر #صيد_مسؤول #المغرب,التوقعات ماشي ضمانة ديال الصيد. هي وسيلة باش تحضر وتقارن المعطيات مع الحالة الحقيقية فالبحر.,tides.png
22,closed_test,TEST FERMÉ,FR,Transparence,"La version actuelle est distribuée à un groupe de testeurs via Google Play. Nous suivons les retours, les parcours essentiels et la stabilité avant de demander l'accès à la production.",Testeur invité ? Envoyez votre retour,#ClosedTesting #BoosterFish #BetaTest #ApplicationMobile,BoosterFish est actuellement en test fermé. Les retours servent à corriger les problèmes et à préparer une version publique plus fiable.,home_hero.png
23,tester_mission,MISSION TESTEUR,FR + Darija,Collecte de retours,"Pour les testeurs invités : indiquez le modèle du téléphone, la version Android, l'écran concerné, les étapes et ce qui s'est passé. Une description précise accélère la correction.",Envoyez un retour précis,#Testeurs #BoosterFish #Feedback #اختبار_التطبيق,"Testez l'application comme pendant une vraie sortie : démarrage, carte, marées, spots privés, communauté et mode hors ligne. وأي مشكل، وصفو لينا بوضوح.",home_hero.png
24,plan_darija,خطط للخرجة,Darija,Utilité,خطة بسيطة: المنطقة، حالة البحر، المد والجزر، الوصول، والعتاد. BoosterFish كيجمع ليك أدوات التحضير فبلاصة وحدة.,شنو أول حاجة كتراجع؟,#BoosterFish #خرجة_الصيد #صيد_البحر #المغرب,الخرجة المزيانة كتبدا قبل البحر. اختار المنطقة، شوف الظروف، وجد العتاد، ومن بعد خذ القرار اللي فيه السلامة.,atlantic_shore.png
25,one_app,"UNE APP, UNE SORTIE",FR,Positionnement,"L'idée BoosterFish est simple : réduire les allers-retours entre plusieurs outils avant une sortie en mer. Les données restent des aides à la décision, à compléter par la réglementation et l'observation locale.",Quelle fonction vous fait gagner le plus de temps ?,#BoosterFish #FishingApp #PecheEnMer #Application,"Carte, conditions marines, marées, espèces et techniques : BoosterFish centralise les outils essentiels de préparation.",home_hero.png
26,big_game_prep,THON • MARLIN • ESPADON,FR,Technique,"La pêche des grands pélagiques demande expérience, matériel adapté, équipage préparé et respect strict des règles locales. BoosterFish apporte des guides techniques, mais ne remplace ni la formation ni l'encadrement professionnel.",Préparez le montage à quai,#Thon #Marlin #Espadon #BigGameFishing #BoosterFish,"Pour le thon, le marlin ou l'espadon, chaque élément du montage doit être dimensionné : ligne, leader, nœuds, hameçon et frein.",offshore_jigging.png
27,bimini_yucatan,CONNEXIONS BIG GAME,FR + Darija,Éducation,"Bimini Twist et Yucatan font partie des connexions utilisées dans certains montages puissants. Le choix dépend du fil, du diamètre et de la configuration. Entraînez-vous à terre avant de les utiliser en mer.",Lequel voulez-vous apprendre d'abord ?,#BiminiTwist #YucatanKnot #BigGame #BoosterFish,Découvrez le Bimini Twist et le Yucatan dans les guides BoosterFish. تعلم المراحل، شد بالتدريج، واختبر قبل الاستعمال.,knot_studio.png
28,knot_quiz,QUIZ PÊCHE,Darija,Engagement,كل صياد عندو الاختيار ديالو حسب الخيط والتركيب. قول لينا: FG، Albright، Yucatan، ولا شي عقدة أخرى؟ وشنو السبب؟,جاوب فالتعليقات,#BoosterFish #سؤال_الصيادة #عقد_الصيد #FishingKnots,سؤال اليوم: شنو العقدة اللي كتستعمل باش تربط التريس بالليدر؟ FG، Albright، Yucatan، ولا عقدة أخرى؟,knot_studio.png
29,monthly_recap,CE MOIS-CI,FR,Récapitulatif,"Merci d'avoir suivi ce mois de contenus BoosterFish. Votre question peut devenir le prochain tutoriel : conditions marines, carte, espèces, nœuds, jigging, traîne ou communauté.",Choisissez le prochain sujet,#BoosterFish #PecheEnMer #ConseilsPeche #Communaute,"Ce mois-ci, nous avons parlé de préparation, sécurité, spots, nœuds et communauté. Dites-nous le sujet que vous voulez approfondir.",techniques_hero.png
30,coming_soon,BIENTÔT,FR + Darija,Conversion,BoosterFish n'est pas encore disponible publiquement. La phase de test fermé sert à vérifier la stabilité et les parcours essentiels. Suivez la page pour connaître l'ouverture officielle sur Google Play.,Activez les notifications de la page,#BoosterFish #BientotDisponible #GooglePlay #قريباً,Le test fermé continue et chaque retour compte. Nous corrigeons avant le lancement public. تابعونا، الجديد قريب.,atlantic_shore.png
